{
  "token_layer": {
    "Omega": 0.8333333333333334,
    "IRI": 0.16666666666666663
  },
  "relation_layer": {
    "Omega": 0.5,
    "IRI": 0.5
  },
  "inference_layer": {
    "Omega": 0.5,
    "IRI": 0.5
  }
}